{
  "mean": [
    0.13252891600131989,
    0.4364158511161804,
    0.039409998804330826,
    0.23000000417232513,
    0.011773833073675632,
    0.06146501377224922,
    0.565138578414917,
    0.370322048664093,
    0.31333333253860474,
    0.05666666850447655,
    0.01743333227932453,
    -0.09989167749881744,
    0.3494603633880615,
    2.6131670475006104,
    2.233335018157959,
    1896.0616455078125,
    1185.160400390625,
    0.125,
    0.6795843839645386,
    0.21436439454555511,
    0.06834664940834045,
    0.021666666492819786,
    0.5262433886528015,
    0.02263900451362133,
    0.05833333358168602,
    0.13333334028720856,
    0.07500000298023224,
    0.07333333045244217,
    -0.15365070104599,
    0.016055867075920105,
    0.30851253867149353,
    0.8419084548950195,
    0.6703341007232666,
    0.40600019693374634,
    0.0,
    0.14000000059604645,
    4.085575580596924,
    5.550000190734863,
    4.008089542388916,
    0.3329998850822449,
    0.31933319568634033,
    0.16338331997394562,
    0.009719664230942726,
    2.7249999046325684,
    0.675000011920929,
    0.02833333984017372,
    -0.8660274147987366,
    1.0,
    0.3054966926574707,
    0.6050000190734863,
    0.0,
    -0.6233333349227905
  ],
  "std": [
    0.44031888246536255,
    0.209502711892128,
    0.3436034023761749,
    0.5232268571853638,
    0.4405083954334259,
    0.26118743419647217,
    0.1344859004020691,
    0.19749048352241516,
    0.7561873197555542,
    0.5324050784111023,
    0.7958794236183167,
    1.1085114479064941,
    0.18355554342269897,
    2.387610673904419,
    2.2442996501922607,
    13550.4619140625,
    14786.3583984375,
    0.6527186632156372,
    5.076742172241211,
    0.32554614543914795,
    0.41058674454689026,
    0.1455921083688736,
    0.17092619836330414,
    0.17979812622070312,
    0.3581394553184509,
    0.6155392527580261,
    0.6104996800422668,
    0.659256100654602,
    1.3683215379714966,
    0.39439165592193604,
    1.6062601804733276,
    0.21155965328216553,
    0.1373070776462555,
    0.2780231833457947,
    1.0,
    0.34578415751457214,
    2.020343542098999,
    4.9696760177612305,
    1.8741165399551392,
    0.39947202801704407,
    0.38853558897972107,
    0.20969092845916748,
    0.022804206237196922,
    2.489847183227539,
    0.4683734178543091,
    0.20115645229816437,
    2.0265579223632812e-06,
    1.0,
    0.16664603352546692,
    0.30519089102745056,
    1.0,
    0.4479084610939026
  ],
  "best_score": 0.5876322751322751,
  "timestamp": "2026-04-20T22:50",
  "n_trade_train": 0,
  "feature_names": [
    "cvd_istantaneo",
    "vpin",
    "order_flow_imbalance",
    "aggressivita_num",
    "whale_delta",
    "delta_footprint",
    "hurst_exponent",
    "kaufman_efficiency",
    "market_regime_num",
    "struttura_h1_num",
    "z_score",
    "z_score_dist_vwap",
    "prob_ritorno_vwap",
    "dist_supporto",
    "dist_resistenza",
    "pressione_muro_supporto",
    "pressione_muro_resistenza",
    "va_position_num",
    "dist_poc_perc",
    "atr_perc",
    "price_velocity",
    "is_explosive_num",
    "book_pressure",
    "rsi_norm",
    "candlestick_bias_num",
    "tf_1h_allineato",
    "tf_4h_allineato",
    "tf_1d_allineato",
    "funding_rate",
    "funding_z_score",
    "open_interest",
    "correlazione_driver",
    "voto_ia",
    "leverage",
    "macro_num",
    "decision_source_num",
    "dist_ob_vicino",
    "fvg_attivi_count",
    "dist_sr_vicino",
    "resistenza_score",
    "supporto_score",
    "indice_spoofing",
    "spread_perc",
    "rolling_volatility",
    "cvd_divergence",
    "ha_daily_streak_norm",
    "ora_sin",
    "fascia_sera",
    "ciclo_recupero_norm",
    "minimo_qualita_num",
    "sr_flip_num",
    "ciclo_fase_num"
  ]
}